-- Sample Data for Eye Clinic Database
-- خمس عيادات مع بيانات افتراضية شاملة

-- Disable foreign key checks temporarily
SET FOREIGN_KEY_CHECKS = 0;

-- Clear existing data (optional - uncomment if needed)
-- TRUNCATE TABLE waiting_room;
-- TRUNCATE TABLE patient_test_answers;
-- TRUNCATE TABLE test_results;
-- TRUNCATE TABLE medical_reports;
-- TRUNCATE TABLE prescriptions;
-- TRUNCATE TABLE appointments;
-- TRUNCATE TABLE schedules;
-- TRUNCATE TABLE patients;
-- TRUNCATE TABLE doctors;
-- TRUNCATE TABLE users;
-- TRUNCATE TABLE clinics;

-- Enable foreign key checks
SET FOREIGN_KEY_CHECKS = 1;

-- =============================================
-- CLINICS DATA (5 عيادات)
-- =============================================

INSERT INTO clinics (id, name, name_en, code, license, phone, email, address, address_en, specialty, owner_id, status, website, working_hours, services, services_en) VALUES
(1, 'عيادة العيون المتقدمة', 'Advanced Eye Clinic', 'AEC001', 'LIC-AEC-2024-001', '+966501234567', 'info@advancedeyeclinic.com', 'الرياض، حي النخيل، شارع الملك فهد', 'Riyadh, Al Nakheel District, King Fahd Road', 'طب العيون المتخصص', 1, 'active', 'www.advancedeyeclinic.com', 
'{"monday": {"start": "08:00", "end": "17:00"}, "tuesday": {"start": "08:00", "end": "17:00"}, "wednesday": {"start": "08:00", "end": "17:00"}, "thursday": {"start": "08:00", "end": "17:00"}, "friday": {"start": "14:00", "end": "20:00"}, "saturday": {"start": "09:00", "end": "15:00"}, "sunday": {"start": "09:00", "end": "15:00"}}',
'["فحص العيون الشامل", "جراحة الساد", "جراحة الليزك", "علاج الجلوكوما", "فحص الشبكية"]',
'["Comprehensive Eye Examination", "Cataract Surgery", "LASIK Surgery", "Glaucoma Treatment", "Retinal Examination"]'),

(2, 'مركز الرؤية الواضحة', 'Clear Vision Center', 'CVC002', 'LIC-CVC-2024-002', '+966502345678', 'contact@clearvisioncenter.com', 'جدة، حي الروضة، شارع التحلية', 'Jeddah, Al Rawdah District, Al Tahliya Street', 'طب وجراحة العيون', 2, 'active', 'www.clearvisioncenter.com',
'{"monday": {"start": "09:00", "end": "18:00"}, "tuesday": {"start": "09:00", "end": "18:00"}, "wednesday": {"start": "09:00", "end": "18:00"}, "thursday": {"start": "09:00", "end": "18:00"}, "friday": {"start": "15:00", "end": "21:00"}, "saturday": {"start": "10:00", "end": "16:00"}, "sunday": {"start": "10:00", "end": "16:00"}}',
'["فحص النظر", "تصحيح البصر بالليزر", "علاج أمراض الشبكية", "جراحة العيون التجميلية", "فحص الأطفال"]',
'["Vision Testing", "Laser Vision Correction", "Retinal Disease Treatment", "Cosmetic Eye Surgery", "Pediatric Eye Care"]'),

(3, 'عيادة العيون الذكية', 'Smart Eye Clinic', 'SEC003', 'LIC-SEC-2024-003', '+966503456789', 'hello@smarteyeclinic.com', 'الدمام، حي الفيصلية، شارع الملك عبدالعزيز', 'Dammam, Al Faisaliyah District, King Abdulaziz Street', 'طب العيون العصبي', 3, 'active', 'www.smarteyeclinic.com',
'{"monday": {"start": "08:30", "end": "16:30"}, "tuesday": {"start": "08:30", "end": "16:30"}, "wednesday": {"start": "08:30", "end": "16:30"}, "thursday": {"start": "08:30", "end": "16:30"}, "friday": {"start": "14:30", "end": "19:30"}, "saturday": {"start": "09:30", "end": "14:30"}, "sunday": {"start": "09:30", "end": "14:30"}}',
'["فحص العيون المتقدم", "علاج العيون الجافة", "جراحة الشبكية", "فحص المجال البصري", "علاج الحول"]',
'["Advanced Eye Examination", "Dry Eye Treatment", "Retinal Surgery", "Visual Field Testing", "Strabismus Treatment"]'),

(4, 'مركز العيون التخصصي', 'Specialized Eye Center', 'SPEC004', 'LIC-SPEC-2024-004', '+966504567890', 'info@specializedeyecenter.com', 'الخبر، حي الشاطئ، كورنيش الخبر', 'Al Khobar, Al Shati District, Al Khobar Corniche', 'جراحة العيون المتقدمة', 4, 'active', 'www.specializedeyecenter.com',
'{"monday": {"start": "07:00", "end": "15:00"}, "tuesday": {"start": "07:00", "end": "15:00"}, "wednesday": {"start": "07:00", "end": "15:00"}, "thursday": {"start": "07:00", "end": "15:00"}, "friday": {"start": "13:00", "end": "18:00"}, "saturday": {"start": "08:00", "end": "13:00"}, "sunday": {"start": "08:00", "end": "13:00"}}',
'["جراحة الساد المتقدمة", "زراعة العدسات", "علاج الجلوكوما المتقدم", "فحص العيون للأطفال", "علاج أمراض القرنية"]',
'["Advanced Cataract Surgery", "Lens Implantation", "Advanced Glaucoma Treatment", "Pediatric Eye Examination", "Corneal Disease Treatment"]'),

(5, 'عيادة العيون الحديثة', 'Modern Eye Clinic', 'MEC005', 'LIC-MEC-2024-005', '+966505678901', 'contact@moderneyeclinic.com', 'الطائف، حي العزيزية، شارع الملك فيصل', 'Taif, Al Aziziyah District, King Faisal Street', 'طب العيون الشامل', 5, 'active', 'www.moderneyeclinic.com',
'{"monday": {"start": "09:00", "end": "17:00"}, "tuesday": {"start": "09:00", "end": "17:00"}, "wednesday": {"start": "09:00", "end": "17:00"}, "thursday": {"start": "09:00", "end": "17:00"}, "friday": {"start": "16:00", "end": "22:00"}, "saturday": {"start": "10:00", "end": "15:00"}, "sunday": {"start": "10:00", "end": "15:00"}}',
'["فحص العيون الروتيني", "علاج التهاب العيون", "جراحة العيون الطارئة", "فحص ضغط العين", "علاج الحساسية"]',
'["Routine Eye Examination", "Eye Inflammation Treatment", "Emergency Eye Surgery", "Eye Pressure Testing", "Allergy Treatment"]');

-- =============================================
-- USERS DATA (Admins, Doctors, Receptionists)
-- =============================================

INSERT INTO users (id, name, email, phone, password, role, clinic_id, status, avatar, department, specialty, join_date, last_login) VALUES
-- Clinic 1 Users
(1, 'د. أحمد محمد العلي', 'ahmed.ali@advancedeyeclinic.com', '+966501111111', '$2b$10$rQ8K9vL2mN3pO4qR5sT6uV7wX8yZ9aB0cD1eF2gH3iJ4kL5mN6oP7qR8sT9uV', 'admin', 1, 'active', 'A', 'الإدارة', 'إدارة العيادة', '2024-01-15', '2024-12-20 08:30:00'),
(2, 'د. فاطمة عبدالله السعد', 'fatima.saad@advancedeyeclinic.com', '+966501111112', '$2b$10$rQ8K9vL2mN3pO4qR5sT6uV7wX8yZ9aB0cD1eF2gH3iJ4kL5mN6oP7qR8sT9uV', 'doctor', 1, 'active', 'D', 'طب العيون', 'جراحة الساد', '2024-01-20', '2024-12-20 09:15:00'),
(3, 'سارة خالد المطيري', 'sara.mutairi@advancedeyeclinic.com', '+966501111113', '$2b$10$rQ8K9vL2mN3pO4qR5sT6uV7wX8yZ9aB0cD1eF2gH3iJ4kL5mN6oP7qR8sT9uV', 'receptionist', 1, 'active', 'R', 'الاستقبال', 'خدمة العملاء', '2024-02-01', '2024-12-20 07:45:00'),

-- Clinic 2 Users
(4, 'د. محمد عبدالرحمن القحطاني', 'mohammed.qhtani@clearvisioncenter.com', '+966502222221', '$2b$10$rQ8K9vL2mN3pO4qR5sT6uV7wX8yZ9aB0cD1eF2gH3iJ4kL5mN6oP7qR8sT9uV', 'admin', 2, 'active', 'A', 'الإدارة', 'إدارة العيادة', '2024-01-10', '2024-12-20 08:00:00'),
(5, 'د. نورا سعد الغامدي', 'nora.ghamdi@clearvisioncenter.com', '+966502222222', '$2b$10$rQ8K9vL2mN3pO4qR5sT6uV7wX8yZ9aB0cD1eF2gH3iJ4kL5mN6oP7qR8sT9uV', 'doctor', 2, 'active', 'D', 'طب العيون', 'جراحة الليزك', '2024-01-25', '2024-12-20 10:30:00'),
(6, 'عبدالله فيصل الشمري', 'abdullah.shamri@clearvisioncenter.com', '+966502222223', '$2b$10$rQ8K9vL2mN3pO4qR5sT6uV7wX8yZ9aB0cD1eF2gH3iJ4kL5mN6oP7qR8sT9uV', 'receptionist', 2, 'active', 'R', 'الاستقبال', 'خدمة العملاء', '2024-02-05', '2024-12-20 08:15:00'),

-- Clinic 3 Users
(7, 'د. خالد عبدالعزيز الزهراني', 'khalid.zahrani@smarteyeclinic.com', '+966503333331', '$2b$10$rQ8K9vL2mN3pO4qR5sT6uV7wX8yZ9aB0cD1eF2gH3iJ4kL5mN6oP7qR8sT9uV', 'admin', 3, 'active', 'A', 'الإدارة', 'إدارة العيادة', '2024-01-12', '2024-12-20 07:30:00'),
(8, 'د. مريم عبدالله العتيبي', 'mariam.otaibi@smarteyeclinic.com', '+966503333332', '$2b$10$rQ8K9vL2mN3pO4qR5sT6uV7wX8yZ9aB0cD1eF2gH3iJ4kL5mN6oP7qR8sT9uV', 'doctor', 3, 'active', 'D', 'طب العيون', 'طب العيون العصبي', '2024-01-28', '2024-12-20 11:00:00'),
(9, 'لينا أحمد الحربي', 'lina.harbi@smarteyeclinic.com', '+966503333333', '$2b$10$rQ8K9vL2mN3pO4qR5sT6uV7wX8yZ9aB0cD1eF2gH3iJ4kL5mN6oP7qR8sT9uV', 'receptionist', 3, 'active', 'R', 'الاستقبال', 'خدمة العملاء', '2024-02-10', '2024-12-20 09:00:00'),

-- Clinic 4 Users
(10, 'د. عبدالله محمد البقمي', 'abdullah.baqmi@specializedeyecenter.com', '+966504444441', '$2b$10$rQ8K9vL2mN3pO4qR5sT6uV7wX8yZ9aB0cD1eF2gH3iJ4kL5mN6oP7qR8sT9uV', 'admin', 4, 'active', 'A', 'الإدارة', 'إدارة العيادة', '2024-01-08', '2024-12-20 08:45:00'),
(11, 'د. هدى سعد الدوسري', 'huda.dosari@specializedeyecenter.com', '+966504444442', '$2b$10$rQ8K9vL2mN3pO4qR5sT6uV7wX8yZ9aB0cD1eF2gH3iJ4kL5mN6oP7qR8sT9uV', 'doctor', 4, 'active', 'D', 'طب العيون', 'جراحة الشبكية', '2024-01-30', '2024-12-20 12:15:00'),
(12, 'نواف عبدالرحمن المطيري', 'nawaf.mutairi@specializedeyecenter.com', '+966504444443', '$2b$10$rQ8K9vL2mN3pO4qR5sT6uV7wX8yZ9aB0cD1eF2gH3iJ4kL5mN6oP7qR8sT9uV', 'receptionist', 4, 'active', 'R', 'الاستقبال', 'خدمة العملاء', '2024-02-15', '2024-12-20 10:30:00'),

-- Clinic 5 Users
(13, 'د. سعد عبدالله العتيبي', 'saad.otaibi@moderneyeclinic.com', '+966505555551', '$2b$10$rQ8K9vL2mN3pO4qR5sT6uV7wX8yZ9aB0cD1eF2gH3iJ4kL5mN6oP7qR8sT9uV', 'admin', 5, 'active', 'A', 'الإدارة', 'إدارة العيادة', '2024-01-18', '2024-12-20 09:30:00'),
(14, 'د. ريم محمد القحطاني', 'reem.qhtani@moderneyeclinic.com', '+966505555552', '$2b$10$rQ8K9vL2mN3pO4qR5sT6uV7wX8yZ9aB0cD1eF2gH3iJ4kL5mN6oP7qR8sT9uV', 'doctor', 5, 'active', 'D', 'طب العيون', 'طب العيون العام', '2024-02-01', '2024-12-20 13:45:00'),
(15, 'فهد خالد الشمري', 'fahad.shamri@moderneyeclinic.com', '+966505555553', '$2b$10$rQ8K9vL2mN3pO4qR5sT6uV7wX8yZ9aB0cD1eF2gH3iJ4kL5mN6oP7qR8sT9uV', 'receptionist', 5, 'active', 'R', 'الاستقبال', 'خدمة العملاء', '2024-02-20', '2024-12-20 11:15:00');

-- =============================================
-- DOCTORS DATA (Extended doctor information)
-- =============================================

INSERT INTO doctors (id, user_id, doctor_id, specialization, specialty_id, clinic_id, experience, license_number, patients_count, rating, status, join_date, working_hours) VALUES
(1, 2, 'DOC-AEC-001', 'جراحة الساد والعدسات', 'CATARACT', 1, '15 سنة', 'MED-AEC-001-2024', 1250, 4.8, 'active', '2024-01-20', '{"monday": {"start": "08:00", "end": "16:00"}, "tuesday": {"start": "08:00", "end": "16:00"}, "wednesday": {"start": "08:00", "end": "16:00"}, "thursday": {"start": "08:00", "end": "16:00"}, "friday": {"start": "14:00", "end": "20:00"}, "saturday": {"start": "09:00", "end": "15:00"}}'),
(2, 5, 'DOC-CVC-002', 'جراحة الليزك وتصحيح البصر', 'LASIK', 2, '12 سنة', 'MED-CVC-002-2024', 980, 4.7, 'active', '2024-01-25', '{"monday": {"start": "09:00", "end": "17:00"}, "tuesday": {"start": "09:00", "end": "17:00"}, "wednesday": {"start": "09:00", "end": "17:00"}, "thursday": {"start": "09:00", "end": "17:00"}, "friday": {"start": "15:00", "end": "21:00"}, "saturday": {"start": "10:00", "end": "16:00"}}'),
(3, 8, 'DOC-SEC-003', 'طب العيون العصبي', 'NEURO', 3, '18 سنة', 'MED-SEC-003-2024', 1450, 4.9, 'active', '2024-01-28', '{"monday": {"start": "08:30", "end": "16:30"}, "tuesday": {"start": "08:30", "end": "16:30"}, "wednesday": {"start": "08:30", "end": "16:30"}, "thursday": {"start": "08:30", "end": "16:30"}, "friday": {"start": "14:30", "end": "19:30"}, "saturday": {"start": "09:30", "end": "14:30"}}'),
(4, 11, 'DOC-SPEC-004', 'جراحة الشبكية والجسم الزجاجي', 'RETINA', 4, '20 سنة', 'MED-SPEC-004-2024', 1680, 4.9, 'active', '2024-01-30', '{"monday": {"start": "07:00", "end": "15:00"}, "tuesday": {"start": "07:00", "end": "15:00"}, "wednesday": {"start": "07:00", "end": "15:00"}, "thursday": {"start": "07:00", "end": "15:00"}, "friday": {"start": "13:00", "end": "18:00"}, "saturday": {"start": "08:00", "end": "13:00"}}'),
(5, 14, 'DOC-MEC-005', 'طب العيون العام والأطفال', 'GENERAL', 5, '10 سنة', 'MED-MEC-005-2024', 750, 4.6, 'active', '2024-02-01', '{"monday": {"start": "09:00", "end": "17:00"}, "tuesday": {"start": "09:00", "end": "17:00"}, "wednesday": {"start": "09:00", "end": "17:00"}, "thursday": {"start": "09:00", "end": "17:00"}, "friday": {"start": "16:00", "end": "22:00"}, "saturday": {"start": "10:00", "end": "15:00"}}');

-- =============================================
-- PATIENTS DATA (مرضى لكل عيادة)
-- =============================================

INSERT INTO patients (id, name, phone, email, age, gender, date_of_birth, address, medical_record, color_deficiency_type, last_visit, status, avatar) VALUES
-- Clinic 1 Patients
(1, 'عبدالله محمد الأحمد', '+966501234001', 'abdullah.ahmad@email.com', 45, 'male', '1979-03-15', 'الرياض، حي النخيل', 'MR-AEC-001', 'Normal', '2024-12-15', 'active', 'M'),
(2, 'فاطمة عبدالرحمن السعد', '+966501234002', 'fatima.saad@email.com', 38, 'female', '1986-07-22', 'الرياض، حي العليا', 'MR-AEC-002', 'Normal', '2024-12-18', 'active', 'F'),
(3, 'محمد خالد المطيري', '+966501234003', 'mohammed.mutairi@email.com', 52, 'male', '1972-11-08', 'الرياض، حي الملز', 'MR-AEC-003', 'Protanopia', '2024-12-10', 'active', 'M'),
(4, 'نورا سعد الغامدي', '+966501234004', 'nora.ghamdi@email.com', 29, 'female', '1995-05-14', 'الرياض، حي السليمانية', 'MR-AEC-004', 'Normal', '2024-12-20', 'active', 'F'),
(5, 'سعد عبدالله القحطاني', '+966501234005', 'saad.qhtani@email.com', 67, 'male', '1957-09-30', 'الرياض، حي النرجس', 'MR-AEC-005', 'Deuteranopia', '2024-12-12', 'active', 'M'),

-- Clinic 2 Patients
(6, 'ريم أحمد الشمري', '+966502345001', 'reem.shamri@email.com', 34, 'female', '1990-01-25', 'جدة، حي الروضة', 'MR-CVC-001', 'Normal', '2024-12-16', 'active', 'F'),
(7, 'خالد فيصل العتيبي', '+966502345002', 'khalid.otaibi@email.com', 41, 'male', '1983-04-12', 'جدة، حي الزهراء', 'MR-CVC-002', 'Normal', '2024-12-19', 'active', 'M'),
(8, 'مريم عبدالعزيز الحربي', '+966502345003', 'mariam.harbi@email.com', 56, 'female', '1968-08-18', 'جدة، حي الصفا', 'MR-CVC-003', 'Tritanopia', '2024-12-11', 'active', 'F'),
(9, 'عبدالرحمن محمد البقمي', '+966502345004', 'abdulrahman.baqmi@email.com', 23, 'male', '2001-12-03', 'جدة، حي النهضة', 'MR-CVC-004', 'Normal', '2024-12-21', 'active', 'M'),
(10, 'هند سعد الدوسري', '+966502345005', 'hind.dosari@email.com', 48, 'female', '1976-06-27', 'جدة، حي البلد', 'MR-CVC-005', 'Normal', '2024-12-13', 'active', 'F'),

-- Clinic 3 Patients
(11, 'نواف عبدالله الزهراني', '+966503456001', 'nawaf.zahrani@email.com', 39, 'male', '1985-02-14', 'الدمام، حي الفيصلية', 'MR-SEC-001', 'Normal', '2024-12-17', 'active', 'M'),
(12, 'لينا أحمد العتيبي', '+966503456002', 'lina.otaibi@email.com', 31, 'female', '1993-10-09', 'الدمام، حي الشاطئ', 'MR-SEC-002', 'Protanomaly', '2024-12-14', 'active', 'F'),
(13, 'فهد خالد المطيري', '+966503456003', 'fahad.mutairi@email.com', 44, 'male', '1980-07-16', 'الدمام، حي النخيل', 'MR-SEC-003', 'Normal', '2024-12-22', 'active', 'M'),
(14, 'سارة عبدالرحمن القحطاني', '+966503456004', 'sara.qhtani@email.com', 26, 'female', '1998-03-28', 'الدمام، حي العزيزية', 'MR-SEC-004', 'Normal', '2024-12-15', 'active', 'F'),
(15, 'عبدالعزيز محمد الشمري', '+966503456005', 'abdulaziz.shamri@email.com', 59, 'male', '1965-11-21', 'الدمام، حي الروضة', 'MR-SEC-005', 'Deuteranomaly', '2024-12-18', 'active', 'M'),

-- Clinic 4 Patients
(16, 'منى عبدالله البقمي', '+966504567001', 'mona.baqmi@email.com', 35, 'female', '1989-05-07', 'الخبر، حي الشاطئ', 'MR-SPEC-001', 'Normal', '2024-12-19', 'active', 'F'),
(17, 'عبدالله سعد الدوسري', '+966504567002', 'abdullah.dosari@email.com', 47, 'male', '1977-09-13', 'الخبر، حي النخيل', 'MR-SPEC-002', 'Normal', '2024-12-16', 'active', 'M'),
(18, 'نورا خالد الحربي', '+966504567003', 'nora.harbi@email.com', 33, 'female', '1991-01-19', 'الخبر، حي العزيزية', 'MR-SPEC-003', 'Tritanomaly', '2024-12-12', 'active', 'F'),
(19, 'محمد عبدالرحمن العتيبي', '+966504567004', 'mohammed.otaibi@email.com', 28, 'male', '1996-08-25', 'الخبر، حي الروضة', 'MR-SPEC-004', 'Normal', '2024-12-21', 'active', 'M'),
(20, 'فاطمة أحمد الزهراني', '+966504567005', 'fatima.zahrani@email.com', 51, 'female', '1973-12-11', 'الخبر، حي الفيصلية', 'MR-SPEC-005', 'Normal', '2024-12-17', 'active', 'F'),

-- Clinic 5 Patients
(21, 'سعد محمد المطيري', '+966505678001', 'saad.mutairi@email.com', 42, 'male', '1982-04-05', 'الطائف، حي العزيزية', 'MR-MEC-001', 'Normal', '2024-12-20', 'active', 'M'),
(22, 'ريم عبدالله القحطاني', '+966505678002', 'reem.qhtani@email.com', 37, 'female', '1987-10-17', 'الطائف، حي النخيل', 'MR-MEC-002', 'Normal', '2024-12-18', 'active', 'F'),
(23, 'خالد فيصل الشمري', '+966505678003', 'khalid.shamri@email.com', 54, 'male', '1970-06-23', 'الطائف، حي الروضة', 'MR-MEC-003', 'Protanopia', '2024-12-13', 'active', 'M'),
(24, 'مريم سعد البقمي', '+966505678004', 'mariam.baqmi@email.com', 25, 'female', '1999-02-08', 'الطائف، حي الشاطئ', 'MR-MEC-004', 'Normal', '2024-12-22', 'active', 'F'),
(25, 'عبدالرحمن أحمد الدوسري', '+966505678005', 'abdulrahman.dosari@email.com', 46, 'male', '1978-11-15', 'الطائف، حي الفيصلية', 'MR-MEC-005', 'Deuteranopia', '2024-12-15', 'active', 'M');

-- =============================================
-- SCHEDULES DATA (جداول الأطباء)
-- =============================================

INSERT INTO schedules (id, doctor_id, doctor_name, day_of_week, start_time, end_time, is_active, max_patients, break_start_time, break_end_time, notes) VALUES
-- Doctor 1 Schedule
(1, 1, 'د. فاطمة عبدالله السعد', 'monday', '08:00:00', '16:00:00', TRUE, 20, '12:00:00', '13:00:00', 'مواعيد صباحية ومسائية'),
(2, 1, 'د. فاطمة عبدالله السعد', 'tuesday', '08:00:00', '16:00:00', TRUE, 20, '12:00:00', '13:00:00', 'مواعيد صباحية ومسائية'),
(3, 1, 'د. فاطمة عبدالله السعد', 'wednesday', '08:00:00', '16:00:00', TRUE, 20, '12:00:00', '13:00:00', 'مواعيد صباحية ومسائية'),
(4, 1, 'د. فاطمة عبدالله السعد', 'thursday', '08:00:00', '16:00:00', TRUE, 20, '12:00:00', '13:00:00', 'مواعيد صباحية ومسائية'),
(5, 1, 'د. فاطمة عبدالله السعد', 'friday', '14:00:00', '20:00:00', TRUE, 15, '17:00:00', '17:30:00', 'مواعيد مسائية فقط'),
(6, 1, 'د. فاطمة عبدالله السعد', 'saturday', '09:00:00', '15:00:00', TRUE, 18, '12:00:00', '13:00:00', 'مواعيد نهاية الأسبوع'),

-- Doctor 2 Schedule
(7, 2, 'د. نورا سعد الغامدي', 'monday', '09:00:00', '17:00:00', TRUE, 18, '13:00:00', '14:00:00', 'مواعيد متوسطة'),
(8, 2, 'د. نورا سعد الغامدي', 'tuesday', '09:00:00', '17:00:00', TRUE, 18, '13:00:00', '14:00:00', 'مواعيد متوسطة'),
(9, 2, 'د. نورا سعد الغامدي', 'wednesday', '09:00:00', '17:00:00', TRUE, 18, '13:00:00', '14:00:00', 'مواعيد متوسطة'),
(10, 2, 'د. نورا سعد الغامدي', 'thursday', '09:00:00', '17:00:00', TRUE, 18, '13:00:00', '14:00:00', 'مواعيد متوسطة'),
(11, 2, 'د. نورا سعد الغامدي', 'friday', '15:00:00', '21:00:00', TRUE, 12, '18:00:00', '18:30:00', 'مواعيد مسائية'),
(12, 2, 'د. نورا سعد الغامدي', 'saturday', '10:00:00', '16:00:00', TRUE, 15, '13:00:00', '14:00:00', 'مواعيد نهاية الأسبوع'),

-- Doctor 3 Schedule
(13, 3, 'د. مريم عبدالله العتيبي', 'monday', '08:30:00', '16:30:00', TRUE, 16, '12:30:00', '13:30:00', 'مواعيد متخصصة'),
(14, 3, 'د. مريم عبدالله العتيبي', 'tuesday', '08:30:00', '16:30:00', TRUE, 16, '12:30:00', '13:30:00', 'مواعيد متخصصة'),
(15, 3, 'د. مريم عبدالله العتيبي', 'wednesday', '08:30:00', '16:30:00', TRUE, 16, '12:30:00', '13:30:00', 'مواعيد متخصصة'),
(16, 3, 'د. مريم عبدالله العتيبي', 'thursday', '08:30:00', '16:30:00', TRUE, 16, '12:30:00', '13:30:00', 'مواعيد متخصصة'),
(17, 3, 'د. مريم عبدالله العتيبي', 'friday', '14:30:00', '19:30:00', TRUE, 10, '17:00:00', '17:30:00', 'مواعيد مسائية'),
(18, 3, 'د. مريم عبدالله العتيبي', 'saturday', '09:30:00', '14:30:00', TRUE, 12, '12:00:00', '13:00:00', 'مواعيد نهاية الأسبوع'),

-- Doctor 4 Schedule
(19, 4, 'د. هدى سعد الدوسري', 'monday', '07:00:00', '15:00:00', TRUE, 14, '11:00:00', '12:00:00', 'مواعيد مبكرة'),
(20, 4, 'د. هدى سعد الدوسري', 'tuesday', '07:00:00', '15:00:00', TRUE, 14, '11:00:00', '12:00:00', 'مواعيد مبكرة'),
(21, 4, 'د. هدى سعد الدوسري', 'wednesday', '07:00:00', '15:00:00', TRUE, 14, '11:00:00', '12:00:00', 'مواعيد مبكرة'),
(22, 4, 'د. هدى سعد الدوسري', 'thursday', '07:00:00', '15:00:00', TRUE, 14, '11:00:00', '12:00:00', 'مواعيد مبكرة'),
(23, 4, 'د. هدى سعد الدوسري', 'friday', '13:00:00', '18:00:00', TRUE, 8, '15:30:00', '16:00:00', 'مواعيد مسائية'),
(24, 4, 'د. هدى سعد الدوسري', 'saturday', '08:00:00', '13:00:00', TRUE, 10, '10:30:00', '11:00:00', 'مواعيد نهاية الأسبوع'),

-- Doctor 5 Schedule
(25, 5, 'د. ريم محمد القحطاني', 'monday', '09:00:00', '17:00:00', TRUE, 20, '13:00:00', '14:00:00', 'مواعيد عامة'),
(26, 5, 'د. ريم محمد القحطاني', 'tuesday', '09:00:00', '17:00:00', TRUE, 20, '13:00:00', '14:00:00', 'مواعيد عامة'),
(27, 5, 'د. ريم محمد القحطاني', 'wednesday', '09:00:00', '17:00:00', TRUE, 20, '13:00:00', '14:00:00', 'مواعيد عامة'),
(28, 5, 'د. ريم محمد القحطاني', 'thursday', '09:00:00', '17:00:00', TRUE, 20, '13:00:00', '14:00:00', 'مواعيد عامة'),
(29, 5, 'د. ريم محمد القحطاني', 'friday', '16:00:00', '22:00:00', TRUE, 15, '19:00:00', '19:30:00', 'مواعيد مسائية'),
(30, 5, 'د. ريم محمد القحطاني', 'saturday', '10:00:00', '15:00:00', TRUE, 18, '12:30:00', '13:30:00', 'مواعيد نهاية الأسبوع');

-- =============================================
-- APPOINTMENTS DATA (مواعيد المرضى)
-- =============================================

INSERT INTO appointments (id, patient_id, patient_name, doctor_id, doctor_name, clinic_id, date, time, type, status, phone, avatar, notes) VALUES
-- Clinic 1 Appointments
(1, 1, 'عبدالله محمد الأحمد', 1, 'د. فاطمة عبدالله السعد', 1, '2024-12-23', '09:00:00', 'فحص شامل', 'confirmed', '+966501234001', 'M', 'فحص دوري شامل للعين'),
(2, 2, 'فاطمة عبدالرحمن السعد', 1, 'د. فاطمة عبدالله السعد', 1, '2024-12-23', '10:30:00', 'متابعة', 'confirmed', '+966501234002', 'F', 'متابعة بعد العملية'),
(3, 3, 'محمد خالد المطيري', 1, 'د. فاطمة عبدالله السعد', 1, '2024-12-24', '08:30:00', 'فحص ضغط العين', 'pending', '+966501234003', 'M', 'فحص ضغط العين الدوري'),
(4, 4, 'نورا سعد الغامدي', 1, 'د. فاطمة عبدالله السعد', 1, '2024-12-24', '11:00:00', 'استشارة', 'pending', '+966501234004', 'F', 'استشارة حول جراحة الساد'),
(5, 5, 'سعد عبدالله القحطاني', 1, 'د. فاطمة عبدالله السعد', 1, '2024-12-25', '14:00:00', 'فحص شامل', 'confirmed', '+966501234005', 'M', 'فحص شامل للمريض المسن'),

-- Clinic 2 Appointments
(6, 6, 'ريم أحمد الشمري', 2, 'د. نورا سعد الغامدي', 2, '2024-12-23', '10:00:00', 'فحص ما قبل الليزك', 'confirmed', '+966502345001', 'F', 'فحص شامل قبل جراحة الليزك'),
(7, 7, 'خالد فيصل العتيبي', 2, 'د. نورا سعد الغامدي', 2, '2024-12-23', '11:30:00', 'متابعة', 'confirmed', '+966502345002', 'M', 'متابعة بعد جراحة الليزك'),
(8, 8, 'مريم عبدالعزيز الحربي', 2, 'د. نورا سعد الغامدي', 2, '2024-12-24', '09:30:00', 'فحص شامل', 'pending', '+966502345003', 'F', 'فحص شامل للمريضة المسنة'),
(9, 9, 'عبدالرحمن محمد البقمي', 2, 'د. نورا سعد الغامدي', 2, '2024-12-24', '15:00:00', 'استشارة', 'pending', '+966502345004', 'M', 'استشارة حول تصحيح البصر'),
(10, 10, 'هند سعد الدوسري', 2, 'د. نورا سعد الغامدي', 2, '2024-12-25', '16:00:00', 'فحص دوري', 'confirmed', '+966502345005', 'F', 'فحص دوري نصف سنوي'),

-- Clinic 3 Appointments
(11, 11, 'نواف عبدالله الزهراني', 3, 'د. مريم عبدالله العتيبي', 3, '2024-12-23', '09:00:00', 'فحص عصبي', 'confirmed', '+966503456001', 'M', 'فحص العيون العصبي'),
(12, 12, 'لينا أحمد العتيبي', 3, 'د. مريم عبدالله العتيبي', 3, '2024-12-23', '10:30:00', 'فحص شامل', 'confirmed', '+966503456002', 'F', 'فحص شامل للعين'),
(13, 13, 'فهد خالد المطيري', 3, 'د. مريم عبدالله العتيبي', 3, '2024-12-24', '08:30:00', 'متابعة', 'pending', '+966503456003', 'M', 'متابعة العلاج العصبي'),
(14, 14, 'سارة عبدالرحمن القحطاني', 3, 'د. مريم عبدالله العتيبي', 3, '2024-12-24', '11:00:00', 'فحص دوري', 'pending', '+966503456004', 'F', 'فحص دوري للشابة'),
(15, 15, 'عبدالعزيز محمد الشمري', 3, 'د. مريم عبدالله العتيبي', 3, '2024-12-25', '14:30:00', 'فحص شامل', 'confirmed', '+966503456005', 'M', 'فحص شامل للمريض المسن'),

-- Clinic 4 Appointments
(16, 16, 'منى عبدالله البقمي', 4, 'د. هدى سعد الدوسري', 4, '2024-12-23', '08:00:00', 'فحص الشبكية', 'confirmed', '+966504567001', 'F', 'فحص شامل للشبكية'),
(17, 17, 'عبدالله سعد الدوسري', 4, 'د. هدى سعد الدوسري', 4, '2024-12-23', '09:30:00', 'متابعة', 'confirmed', '+966504567002', 'M', 'متابعة علاج الشبكية'),
(18, 18, 'نورا خالد الحربي', 4, 'د. هدى سعد الدوسري', 4, '2024-12-24', '07:30:00', 'فحص شامل', 'pending', '+966504567003', 'F', 'فحص شامل للعين'),
(19, 19, 'محمد عبدالرحمن العتيبي', 4, 'د. هدى سعد الدوسري', 4, '2024-12-24', '10:00:00', 'استشارة', 'pending', '+966504567004', 'M', 'استشارة حول جراحة الشبكية'),
(20, 20, 'فاطمة أحمد الزهراني', 4, 'د. هدى سعد الدوسري', 4, '2024-12-25', '11:30:00', 'فحص دوري', 'confirmed', '+966504567005', 'F', 'فحص دوري للمريضة المسنة'),

-- Clinic 5 Appointments
(21, 21, 'سعد محمد المطيري', 5, 'د. ريم محمد القحطاني', 5, '2024-12-23', '10:00:00', 'فحص شامل', 'confirmed', '+966505678001', 'M', 'فحص شامل للعين'),
(22, 22, 'ريم عبدالله القحطاني', 5, 'د. ريم محمد القحطاني', 5, '2024-12-23', '11:30:00', 'فحص الأطفال', 'confirmed', '+966505678002', 'F', 'فحص عيون الأطفال'),
(23, 23, 'خالد فيصل الشمري', 5, 'د. ريم محمد القحطاني', 5, '2024-12-24', '09:00:00', 'فحص شامل', 'pending', '+966505678003', 'M', 'فحص شامل للمريض المسن'),
(24, 24, 'مريم سعد البقمي', 5, 'د. ريم محمد القحطاني', 5, '2024-12-24', '14:00:00', 'فحص دوري', 'pending', '+966505678004', 'F', 'فحص دوري للشابة'),
(25, 25, 'عبدالرحمن أحمد الدوسري', 5, 'د. ريم محمد القحطاني', 5, '2024-12-25', '16:30:00', 'متابعة', 'confirmed', '+966505678005', 'M', 'متابعة العلاج');

-- =============================================
-- PRESCRIPTIONS DATA (الوصفات الطبية)
-- =============================================

INSERT INTO prescriptions (id, patient_id, patient_name, doctor_id, doctor_name, date, medications, instructions, diagnosis, follow_up_date) VALUES
(1, 1, 'عبدالله محمد الأحمد', 1, 'د. فاطمة عبدالله السعد', '2024-12-15', '[{"name": "قطرة العين المرطبة", "dosage": "مرتين يومياً", "duration": "شهر واحد"}, {"name": "فيتامين أ", "dosage": "كبسولة واحدة يومياً", "duration": "شهرين"}]', 'استخدام القطرة صباحاً ومساءً، وتناول الفيتامين مع الطعام', 'جفاف العين البسيط', '2025-01-15'),
(2, 2, 'فاطمة عبدالرحمن السعد', 1, 'د. فاطمة عبدالله السعد', '2024-12-18', '[{"name": "قطرة مضادة للالتهاب", "dosage": "ثلاث مرات يومياً", "duration": "أسبوعين"}, {"name": "مرهم العين", "dosage": "مرة واحدة قبل النوم", "duration": "أسبوعين"}]', 'استخدام القطرة كل 8 ساعات، والمرهم قبل النوم', 'التهاب الملتحمة', '2025-01-01'),
(3, 6, 'ريم أحمد الشمري', 2, 'د. نورا سعد الغامدي', '2024-12-16', '[{"name": "قطرة توسيع الحدقة", "dosage": "مرة واحدة قبل الفحص", "duration": "يوم واحد"}, {"name": "قطرة مرطبة", "dosage": "أربع مرات يومياً", "duration": "أسبوع"}]', 'استخدام قطرة التوسيع قبل الفحص بساعة، والمرطبة كل 6 ساعات', 'فحص ما قبل الليزك', '2024-12-23'),
(4, 11, 'نواف عبدالله الزهراني', 3, 'د. مريم عبدالله العتيبي', '2024-12-17', '[{"name": "قطرة علاج الجلوكوما", "dosage": "مرتين يومياً", "duration": "ثلاثة أشهر"}, {"name": "أقراص فيتامين ب12", "dosage": "قرص واحد يومياً", "duration": "شهرين"}]', 'استخدام القطرة صباحاً ومساءً، وتناول الفيتامين مع الإفطار', 'الجلوكوما المبكرة', '2025-01-17'),
(5, 16, 'منى عبدالله البقمي', 4, 'د. هدى سعد الدوسري', '2024-12-19', '[{"name": "قطرة علاج الشبكية", "dosage": "مرة واحدة يومياً", "duration": "شهرين"}, {"name": "مكمل غذائي للعين", "dosage": "كبسولتين يومياً", "duration": "ثلاثة أشهر"}]', 'استخدام القطرة مساءً، والمكمل الغذائي مع الوجبات', 'تنكس الشبكية البسيط', '2025-02-19');

-- =============================================
-- MEDICAL REPORTS DATA (التقارير الطبية)
-- =============================================

INSERT INTO medical_reports (id, patient_id, patient_name, doctor_id, doctor_name, date, report_type, diagnosis, treatment, notes, recommendations, vital_signs) VALUES
(1, 1, 'عبدالله محمد الأحمد', 1, 'د. فاطمة عبدالله السعد', '2024-12-15', 'فحص شامل', 'جفاف العين البسيط مع بداية إعتام عدسة العين', 'استخدام قطرات مرطبة وفيتامينات', 'المريض يعاني من جفاف بسيط في العين مع بداية ظهور إعتام في العدسة', '[{"recommendation": "فحص دوري كل 6 أشهر", "priority": "medium"}, {"recommendation": "استخدام النظارات الشمسية", "priority": "high"}]', '{"blood_pressure": "120/80", "heart_rate": "72", "temperature": "36.5"}'),
(2, 2, 'فاطمة عبدالرحمن السعد', 1, 'د. فاطمة عبدالله السعد', '2024-12-18', 'متابعة بعد العملية', 'شفاء جيد بعد جراحة الساد', 'متابعة العلاج والفحص الدوري', 'المريضة تتعافى بشكل جيد بعد جراحة الساد، الرؤية تحسنت بشكل ملحوظ', '[{"recommendation": "فحص بعد شهر", "priority": "high"}, {"recommendation": "تجنب الأنشطة الشاقة", "priority": "medium"}]', '{"blood_pressure": "115/75", "heart_rate": "68", "temperature": "36.2"}'),
(3, 6, 'ريم أحمد الشمري', 2, 'د. نورا سعد الغامدي', '2024-12-16', 'فحص ما قبل الليزك', 'العين سليمة ومناسبة لجراحة الليزك', 'إجراء جراحة الليزك', 'المريضة مناسبة تماماً لجراحة الليزك، سماكة القرنية مناسبة', '[{"recommendation": "إجراء الجراحة خلال الشهر القادم", "priority": "high"}, {"recommendation": "تجنب العدسات اللاصقة", "priority": "medium"}]', '{"blood_pressure": "110/70", "heart_rate": "75", "temperature": "36.4"}'),
(4, 11, 'نواف عبدالله الزهراني', 3, 'د. مريم عبدالله العتيبي', '2024-12-17', 'فحص عصبي', 'جلوكوما مبكرة في العين اليمنى', 'علاج بالقطرات ومتابعة دورية', 'المريض يعاني من ارتفاع بسيط في ضغط العين اليمنى، يحتاج متابعة', '[{"recommendation": "فحص شهري لضغط العين", "priority": "high"}, {"recommendation": "فحص المجال البصري", "priority": "medium"}]', '{"blood_pressure": "125/85", "heart_rate": "70", "temperature": "36.3"}'),
(5, 16, 'منى عبدالله البقمي', 4, 'د. هدى سعد الدوسري', '2024-12-19', 'فحص الشبكية', 'تنكس بسيط في الشبكية', 'علاج وقائي ومتابعة', 'المريضة تعاني من تنكس بسيط في الشبكية، يحتاج متابعة دورية', '[{"recommendation": "فحص الشبكية كل 3 أشهر", "priority": "high"}, {"recommendation": "تجنب التدخين", "priority": "high"}]', '{"blood_pressure": "118/78", "heart_rate": "72", "temperature": "36.1"}');

-- =============================================
-- TEST RESULTS DATA (نتائج الاختبارات)
-- =============================================

INSERT INTO test_results (id, patient_id, patient_name, doctor_id, doctor_name, test_type, test_date, result, severity, status) VALUES
(1, 1, 'عبدالله محمد الأحمد', 1, 'د. فاطمة عبدالله السعد', 'فحص ضغط العين', '2024-12-15', 'ضغط العين اليمنى: 18 ملم زئبق، اليسرى: 16 ملم زئبق', 'طبيعي', 'مكتمل'),
(2, 1, 'عبدالله محمد الأحمد', 1, 'د. فاطمة عبدالله السعد', 'فحص حدة البصر', '2024-12-15', 'العين اليمنى: 6/9، اليسرى: 6/12', 'بسيط', 'مكتمل'),
(3, 2, 'فاطمة عبدالرحمن السعد', 1, 'د. فاطمة عبدالله السعد', 'فحص ما بعد العملية', '2024-12-18', 'شفاء ممتاز، حدة البصر 6/6 في كلا العينين', 'ممتاز', 'مكتمل'),
(4, 6, 'ريم أحمد الشمري', 2, 'د. نورا سعد الغامدي', 'فحص سماكة القرنية', '2024-12-16', 'سماكة القرنية: 540 ميكرون (مناسبة للليزك)', 'طبيعي', 'مكتمل'),
(5, 6, 'ريم أحمد الشمري', 2, 'د. نورا سعد الغامدي', 'فحص حدة البصر', '2024-12-16', 'العين اليمنى: 6/18، اليسرى: 6/15', 'متوسط', 'مكتمل'),
(6, 11, 'نواف عبدالله الزهراني', 3, 'د. مريم عبدالله العتيبي', 'فحص ضغط العين', '2024-12-17', 'ضغط العين اليمنى: 24 ملم زئبق، اليسرى: 18 ملم زئبق', 'مرتفع', 'مكتمل'),
(7, 11, 'نواف عبدالله الزهراني', 3, 'د. مريم عبدالله العتيبي', 'فحص المجال البصري', '2024-12-17', 'تضييق بسيط في المجال البصري للعين اليمنى', 'بسيط', 'مكتمل'),
(8, 16, 'منى عبدالله البقمي', 4, 'د. هدى سعد الدوسري', 'فحص الشبكية بالتصوير', '2024-12-19', 'تنكس بسيط في المنطقة المركزية للشبكية', 'بسيط', 'مكتمل'),
(9, 16, 'منى عبدالله البقمي', 4, 'د. هدى سعد الدوسري', 'فحص حدة البصر', '2024-12-19', 'العين اليمنى: 6/9، اليسرى: 6/12', 'بسيط', 'مكتمل'),
(10, 21, 'سعد محمد المطيري', 5, 'د. ريم محمد القحطاني', 'فحص شامل للعين', '2024-12-20', 'العينان سليمتان، حدة البصر طبيعية', 'طبيعي', 'مكتمل');

-- =============================================
-- COLOR BLINDNESS TESTS DATA (اختبارات عمى الألوان)
-- =============================================

INSERT INTO color_blindness_tests (id, test_number, test_name, image_base64, correct_answer, description) VALUES
(1, 1, 'اختبار إيشيهارا رقم 1', 'data:image/png;base64,iVBORw0KGgoAAAANSUhEUgAAAAEAAAABCAYAAAAfFcSJAAAADUlEQVR42mNkYPhfDwAChwGA60e6kgAAAABJRU5ErkJggg==', '12', 'اختبار أساسي لعمى الألوان الأحمر والأخضر'),
(2, 2, 'اختبار إيشيهارا رقم 2', 'data:image/png;base64,iVBORw0KGgoAAAANSUhEUgAAAAEAAAABCAYAAAAfFcSJAAAADUlEQVR42mNkYPhfDwAChwGA60e6kgAAAABJRU5ErkJggg==', '8', 'اختبار متوسط الصعوبة'),
(3, 3, 'اختبار إيشيهارا رقم 3', 'data:image/png;base64,iVBORw0KGgoAAAANSUhEUgAAAAEAAAABCAYAAAAfFcSJAAAADUlEQVR42mNkYPhfDwAChwGA60e6kgAAAABJRU5ErkJggg==', '29', 'اختبار متقدم للتمييز'),
(4, 4, 'اختبار إيشيهارا رقم 4', 'data:image/png;base64,iVBORw0KGgoAAAANSUhEUgAAAAEAAAABCAYAAAAfFcSJAAAADUlEQVR42mNkYPhfDwAChwGA60e6kgAAAABJRU5ErkJggg==', '5', 'اختبار للألوان المتشابهة'),
(5, 5, 'اختبار إيشيهارا رقم 5', 'data:image/png;base64,iVBORw0KGgoAAAANSUhEUgAAAAEAAAABCAYAAAAfFcSJAAAADUlEQVR42mNkYPhfDwAChwGA60e6kgAAAABJRU5ErkJggg==', '3', 'اختبار نهائي للتأكيد');

-- =============================================
-- PATIENT TEST ANSWERS DATA (إجابات المرضى على الاختبارات)
-- =============================================

INSERT INTO patient_test_answers (id, patient_id, test_id, answer, is_correct, submitted_at) VALUES
-- إجابات المرضى الذين يعانون من عمى الألوان
(1, 3, 1, '12', TRUE, '2024-12-10 10:30:00'),
(2, 3, 2, '8', TRUE, '2024-12-10 10:35:00'),
(3, 3, 3, '29', TRUE, '2024-12-10 10:40:00'),
(4, 3, 4, '5', TRUE, '2024-12-10 10:45:00'),
(5, 3, 5, '3', TRUE, '2024-12-10 10:50:00'),

-- مريض آخر مع عمى الألوان
(6, 5, 1, '12', TRUE, '2024-12-12 14:15:00'),
(7, 5, 2, '8', TRUE, '2024-12-12 14:20:00'),
(8, 5, 3, '29', TRUE, '2024-12-12 14:25:00'),
(9, 5, 4, '5', TRUE, '2024-12-12 14:30:00'),
(10, 5, 5, '3', TRUE, '2024-12-12 14:35:00'),

-- مريض مع عمى ألوان مختلف
(11, 8, 1, '12', TRUE, '2024-12-11 09:00:00'),
(12, 8, 2, '8', TRUE, '2024-12-11 09:05:00'),
(13, 8, 3, '29', TRUE, '2024-12-11 09:10:00'),
(14, 8, 4, '5', TRUE, '2024-12-11 09:15:00'),
(15, 8, 5, '3', TRUE, '2024-12-11 09:20:00'),

-- مريض مع عمى ألوان جزئي
(16, 12, 1, '12', TRUE, '2024-12-14 11:30:00'),
(17, 12, 2, '8', TRUE, '2024-12-14 11:35:00'),
(18, 12, 3, '29', TRUE, '2024-12-14 11:40:00'),
(19, 12, 4, '5', TRUE, '2024-12-14 11:45:00'),
(20, 12, 5, '3', TRUE, '2024-12-14 11:50:00'),

-- مريض آخر مع عمى ألوان جزئي
(21, 15, 1, '12', TRUE, '2024-12-18 16:00:00'),
(22, 15, 2, '8', TRUE, '2024-12-18 16:05:00'),
(23, 15, 3, '29', TRUE, '2024-12-18 16:10:00'),
(24, 15, 4, '5', TRUE, '2024-12-18 16:15:00'),
(25, 15, 5, '3', TRUE, '2024-12-18 16:20:00'),

-- مريض مع عمى ألوان مختلف
(26, 18, 1, '12', TRUE, '2024-12-12 13:45:00'),
(27, 18, 2, '8', TRUE, '2024-12-12 13:50:00'),
(28, 18, 3, '29', TRUE, '2024-12-12 13:55:00'),
(29, 18, 4, '5', TRUE, '2024-12-12 14:00:00'),
(30, 18, 5, '3', TRUE, '2024-12-12 14:05:00'),

-- مريض آخر مع عمى ألوان
(31, 23, 1, '12', TRUE, '2024-12-13 10:15:00'),
(32, 23, 2, '8', TRUE, '2024-12-13 10:20:00'),
(33, 23, 3, '29', TRUE, '2024-12-13 10:25:00'),
(34, 23, 4, '5', TRUE, '2024-12-13 10:30:00'),
(35, 23, 5, '3', TRUE, '2024-12-13 10:35:00'),

-- مريض آخر مع عمى ألوان
(36, 25, 1, '12', TRUE, '2024-12-15 15:30:00'),
(37, 25, 2, '8', TRUE, '2024-12-15 15:35:00'),
(38, 25, 3, '29', TRUE, '2024-12-15 15:40:00'),
(39, 25, 4, '5', TRUE, '2024-12-15 15:45:00'),
(40, 25, 5, '3', TRUE, '2024-12-15 15:50:00'),

-- بعض المرضى الطبيعيين (للاختبار)
(41, 1, 1, '12', TRUE, '2024-12-15 08:30:00'),
(42, 1, 2, '8', TRUE, '2024-12-15 08:35:00'),
(43, 1, 3, '29', TRUE, '2024-12-15 08:40:00'),
(44, 1, 4, '5', TRUE, '2024-12-15 08:45:00'),
(45, 1, 5, '3', TRUE, '2024-12-15 08:50:00'),

(46, 2, 1, '12', TRUE, '2024-12-18 09:15:00'),
(47, 2, 2, '8', TRUE, '2024-12-18 09:20:00'),
(48, 2, 3, '29', TRUE, '2024-12-18 09:25:00'),
(49, 2, 4, '5', TRUE, '2024-12-18 09:30:00'),
(50, 2, 5, '3', TRUE, '2024-12-18 09:35:00');

-- =============================================

INSERT INTO waiting_room (id, patient_id, patient_name, appointment_id, arrival_time, status, priority, doctor_name, wait_time) VALUES
(1, 1, 'عبدالله محمد الأحمد', 1, '2024-12-23 08:45:00', 'waiting', 'normal', 'د. فاطمة عبدالله السعد', 15),
(2, 2, 'فاطمة عبدالرحمن السعد', 2, '2024-12-23 10:15:00', 'in-progress', 'normal', 'د. فاطمة عبدالله السعد', 0),
(3, 6, 'ريم أحمد الشمري', 6, '2024-12-23 09:45:00', 'waiting', 'normal', 'د. نورا سعد الغامدي', 30),
(4, 7, 'خالد فيصل العتيبي', 7, '2024-12-23 11:15:00', 'waiting', 'normal', 'د. نورا سعد الغامدي', 45),
(5, 11, 'نواف عبدالله الزهراني', 11, '2024-12-23 08:30:00', 'completed', 'normal', 'د. مريم عبدالله العتيبي', 0),
(6, 12, 'لينا أحمد العتيبي', 12, '2024-12-23 10:00:00', 'in-progress', 'normal', 'د. مريم عبدالله العتيبي', 0),
(7, 16, 'منى عبدالله البقمي', 16, '2024-12-23 07:45:00', 'completed', 'normal', 'د. هدى سعد الدوسري', 0),
(8, 17, 'عبدالله سعد الدوسري', 17, '2024-12-23 09:15:00', 'waiting', 'normal', 'د. هدى سعد الدوسري', 60),
(9, 21, 'سعد محمد المطيري', 21, '2024-12-23 09:30:00', 'waiting', 'normal', 'د. ريم محمد القحطاني', 30),
(10, 22, 'ريم عبدالله القحطاني', 22, '2024-12-23 11:00:00', 'waiting', 'normal', 'د. ريم محمد القحطاني', 15);

-- =============================================
-- SAMPLE DATA COMPLETED
-- =============================================

-- تم إنشاء بيانات افتراضية شاملة لخمس عيادات تشمل:
-- - 5 عيادات في مدن مختلفة
-- - 15 مستخدم (3 لكل عيادة: مدير، طبيب، موظف استقبال)
-- - 5 أطباء متخصصين
-- - 25 مريض (5 لكل عيادة)
-- - 30 جدول مواعيد للأطباء
-- - 25 موعد للمرضى
-- - 5 وصفات طبية
-- - 5 تقارير طبية
-- - 10 نتائج اختبارات
-- - 10 سجلات في غرفة الانتظار
-- - 5 اختبارات عمى الألوان (إيشيهارا)
-- - 50 إجابة مريض على اختبارات عمى الألوان

-- ملاحظة: تم إضافة بيانات لجدول color_blindness_tests و patient_test_answers كما طُلب
